#,Z,covCN,q,C6AA,Î±(0)
1,8,O,0.848,-0.415,21.989,6.287
2,6,C,3.674,0.072,19.606,6.345
3,6,C,3.771,0.115,18.726,6.167
4,8,O,1.699,-0.258,18.269,5.771
5,6,C,3.919,0.123,18.517,6.116
6,8,O,1.656,-0.336,19.649,5.984
7,6,C,3.816,-0.092,22.249,6.713
8,6,C,3.719,0.164,18.064,6.071
9,7,N,2.744,-0.036,21.930,6.955
10,6,C,2.734,0.328,21.427,7.579
11,8,O,0.860,-0.479,23.320,6.475
12,7,N,1.843,-0.268,27.822,7.817
13,6,C,2.852,0.198,23.798,7.995
14,7,N,2.648,-0.196,25.249,7.463
15,6,C,2.908,-0.058,29.449,8.898
16,6,C,2.858,0.059,26.663,8.463
17,1,H,0.925,0.108,1.714,2.047
18,1,H,0.925,0.159,1.330,1.803
19,1,H,0.924,0.116,1.647,2.007
20,1,H,0.924,0.078,2.003,2.213
21,1,H,0.925,0.110,1.695,2.036
22,1,H,0.925,0.093,1.853,2.129
23,1,H,0.925,0.135,1.497,1.913
24,1,H,0.860,0.289,0.747,1.354
25,1,H,0.860,0.286,0.755,1.361
26,1,H,0.926,0.162,1.314,1.793
27,1,H,0.927,0.169,1.272,1.764
28,15,P,3.630,0.523,139.057,21.183
29,8,O,0.808,-0.563,25.256,6.737
30,8,O,0.808,-0.542,24.762,6.670
31,8,O,1.655,-0.328,19.499,5.961
32,6,C,3.891,0.081,19.186,6.227
33,6,C,3.767,0.093,19.077,6.225
34,8,O,1.698,-0.304,19.057,5.894
35,6,C,3.936,0.126,18.468,6.107
36,8,O,1.656,-0.347,19.848,6.014
37,6,C,3.815,-0.087,22.146,6.698
38,6,C,3.712,0.160,18.135,6.085
39,7,N,2.832,-0.012,21.482,6.884
40,6,C,3.144,0.111,25.325,8.234
41,7,N,1.880,-0.181,25.723,7.518
42,6,C,3.211,0.031,26.673,8.407
43,6,C,2.766,0.275,22.351,7.742
44,8,O,0.858,-0.369,21.079,6.156
45,7,N,2.710,-0.151,24.257,7.315
46,6,C,2.841,0.235,23.086,7.874
47,7,N,2.650,-0.191,25.140,7.447
48,7,N,1.836,-0.220,26.636,7.648
49,6,C,3.110,0.137,24.885,8.173
50,1,H,0.924,0.080,1.974,2.197
51,1,H,0.925,0.048,2.343,2.394
52,1,H,0.924,0.088,1.903,2.157
53,1,H,0.924,0.045,2.387,2.416
54,1,H,0.925,0.093,1.854,2.129
55,1,H,0.925,0.097,1.808,2.103
56,1,H,0.924,0.115,1.651,2.009
57,1,H,0.926,0.108,1.710,2.045
58,1,H,0.861,0.282,0.770,1.374
59,1,H,0.860,0.287,0.752,1.359
60,1,H,0.860,0.302,0.708,1.318
61,15,P,3.653,0.531,138.735,21.158
62,8,O,0.808,-0.561,25.205,6.730
63,8,O,0.808,-0.538,24.663,6.657
64,8,O,1.656,-0.314,19.258,5.924
65,6,C,3.900,0.078,19.227,6.233
66,6,C,3.764,0.092,19.096,6.229
67,8,O,1.698,-0.286,18.744,5.845
68,6,C,3.914,0.123,18.526,6.117
69,8,O,1.656,-0.349,19.881,6.019
70,6,C,3.814,-0.093,22.266,6.716
71,6,C,3.706,0.157,18.201,6.099
72,7,N,2.835,-0.018,21.590,6.901
73,6,C,3.159,0.100,25.486,8.253
74,7,N,1.880,-0.190,25.929,7.548
75,6,C,3.220,0.026,26.701,8.402
76,6,C,2.881,0.172,24.307,8.083
77,7,N,2.645,-0.181,24.927,7.415
78,7,N,1.845,-0.190,25.949,7.550
79,6,C,2.950,0.125,25.255,8.243
80,7,N,1.829,-0.175,25.592,7.496
81,6,C,3.187,0.129,24.743,8.116
82,1,H,0.924,0.085,1.927,2.171
83,1,H,0.925,0.052,2.293,2.368
84,1,H,0.924,0.097,1.815,2.107
85,1,H,0.924,0.051,2.308,2.376
86,1,H,0.924,0.098,1.799,2.098
87,1,H,0.926,0.112,1.680,2.027
88,1,H,0.925,0.125,1.575,1.963
89,1,H,0.926,0.094,1.838,2.120
90,1,H,0.860,0.293,0.733,1.342
91,1,H,0.860,0.287,0.754,1.360
92,1,H,0.926,0.125,1.577,1.964
93,15,P,3.635,0.547,138.152,21.114
94,8,O,0.808,-0.552,24.993,6.701
95,8,O,0.808,-0.530,24.485,6.633
96,8,O,1.656,-0.311,19.206,5.916
97,6,C,3.900,0.076,19.257,6.238
98,6,C,3.794,0.095,19.025,6.211
99,8,O,1.701,-0.284,18.720,5.842
100,6,C,3.923,0.118,18.601,6.129
101,8,O,1.656,-0.347,19.851,6.015
102,6,C,3.815,-0.095,22.306,6.722
103,6,C,3.744,0.152,18.198,6.085
104,7,N,2.742,0.012,21.048,6.814
105,6,C,2.708,0.317,21.618,7.611
106,8,O,0.858,-0.422,22.134,6.308
107,7,N,2.698,-0.145,24.144,7.298
108,6,C,2.763,0.276,22.327,7.738
109,8,O,0.858,-0.355,20.801,6.115
110,6,C,2.955,0.022,27.503,8.602
111,6,C,3.755,-0.161,23.687,6.940
112,6,C,2.851,0.032,27.290,8.562
113,1,H,0.924,0.078,1.995,2.209
114,1,H,0.924,0.050,2.324,2.384
115,1,H,0.924,0.083,1.945,2.181
116,1,H,0.925,0.071,2.075,2.253
117,1,H,0.924,0.120,1.617,1.988
118,1,H,0.925,0.115,1.651,2.009
119,1,H,0.925,0.130,1.533,1.936
120,1,H,0.861,0.290,0.745,1.352
121,1,H,0.924,0.094,1.841,2.122
122,1,H,0.925,0.145,1.428,1.869
123,1,H,0.924,0.190,1.151,1.678
124,1,H,0.926,0.139,1.471,1.897
125,15,P,3.639,0.562,137.611,21.072
126,8,O,0.808,-0.558,25.131,6.720
127,8,O,0.808,-0.520,24.251,6.601
128,8,O,1.656,-0.304,19.074,5.896
129,6,C,3.899,0.074,19.300,6.245
130,6,C,3.774,0.092,19.093,6.226
131,8,O,1.698,-0.272,18.506,5.808
132,6,C,3.929,0.121,18.559,6.122
133,8,O,1.656,-0.351,19.928,6.026
134,6,C,3.817,-0.096,22.325,6.725
135,6,C,3.732,0.156,18.163,6.083
136,7,N,2.742,0.022,20.861,6.783
137,6,C,2.709,0.319,21.575,7.603
138,8,O,0.858,-0.426,22.209,6.318
139,7,N,2.698,-0.135,23.933,7.266
140,6,C,2.763,0.277,22.321,7.737
141,8,O,0.858,-0.338,20.486,6.068
142,6,C,2.954,0.031,27.301,8.570
143,6,C,3.755,-0.170,23.861,6.965
144,6,C,2.851,0.033,27.252,8.556
145,1,H,0.924,0.086,1.919,2.166
146,1,H,0.924,0.052,2.293,2.368
147,1,H,0.924,0.094,1.844,2.123
148,1,H,0.924,0.065,2.141,2.288
149,1,H,0.925,0.128,1.552,1.948
150,1,H,0.925,0.123,1.592,1.973
151,1,H,0.925,0.125,1.570,1.959
152,1,H,0.861,0.291,0.740,1.347
153,1,H,0.924,0.162,1.314,1.793
154,1,H,0.925,0.211,1.043,1.597
155,1,H,0.924,0.107,1.724,2.053
156,1,H,0.926,0.147,1.410,1.857
157,15,P,3.640,0.573,137.215,21.042
158,8,O,0.808,-0.561,25.214,6.731
159,8,O,0.808,-0.507,23.959,6.561
160,8,O,1.656,-0.298,18.982,5.881
161,6,C,3.899,0.074,19.301,6.245
162,6,C,3.774,0.092,19.090,6.226
163,8,O,1.698,-0.266,18.411,5.793
164,6,C,3.929,0.121,18.558,6.122
165,8,O,1.656,-0.353,19.959,6.031
166,6,C,3.818,-0.097,22.326,6.725
167,6,C,3.733,0.158,18.135,6.078
168,7,N,2.742,0.026,20.802,6.774
169,6,C,2.708,0.321,21.552,7.599
170,8,O,0.858,-0.435,22.402,6.346
171,7,N,2.698,-0.134,23.906,7.262
172,6,C,2.763,0.275,22.342,7.741
173,8,O,0.858,-0.315,20.063,6.005
174,6,C,2.955,0.038,27.158,8.548
175,6,C,3.755,-0.177,24.023,6.989
176,6,C,2.851,0.035,27.205,8.549
177,1,H,0.924,0.085,1.932,2.173
178,1,H,0.924,0.048,2.343,2.394
179,1,H,0.924,0.088,1.900,2.156
180,1,H,0.924,0.065,2.142,2.289
181,1,H,0.925,0.133,1.509,1.921
182,1,H,0.925,0.118,1.629,1.996
183,1,H,0.925,0.115,1.651,2.009
184,1,H,0.861,0.291,0.742,1.349
185,1,H,0.925,0.238,0.924,1.503
186,1,H,0.924,0.119,1.619,1.990
187,1,H,0.924,0.189,1.157,1.682
188,1,H,0.926,0.152,1.376,1.834
189,15,P,3.638,0.557,137.786,21.086
190,8,O,0.808,-0.571,25.441,6.761
191,8,O,0.808,-0.508,23.999,6.567
192,8,O,1.656,-0.305,19.095,5.899
193,6,C,3.899,0.077,19.244,6.236
194,6,C,3.779,0.092,19.075,6.222
195,8,O,1.698,-0.277,18.594,5.822
196,6,C,3.932,0.124,18.512,6.114
197,8,O,1.656,-0.351,19.916,6.024
198,6,C,3.821,-0.090,22.199,6.705
199,6,C,3.737,0.162,18.065,6.065
200,7,N,2.742,0.018,20.940,6.796
201,6,C,2.708,0.321,21.546,7.598
202,8,O,0.858,-0.450,22.703,6.388
203,7,N,2.698,-0.136,23.957,7.269
204,6,C,2.763,0.273,22.388,7.749
205,8,O,0.858,-0.294,19.666,5.946
206,6,C,2.955,0.035,27.213,8.556
207,6,C,3.755,-0.180,24.085,6.998
208,6,C,2.851,0.036,27.181,8.545
209,1,H,0.924,0.084,1.941,2.178
210,1,H,0.924,0.036,2.499,2.472
211,1,H,0.924,0.072,2.066,2.248
212,1,H,0.924,0.054,2.276,2.359
213,1,H,0.925,0.126,1.562,1.954
214,1,H,0.925,0.100,1.784,2.089
215,1,H,0.925,0.098,1.800,2.098
216,1,H,0.861,0.293,0.735,1.343
217,1,H,0.925,0.196,1.118,1.654
218,1,H,0.924,0.238,0.924,1.503
219,1,H,0.924,0.115,1.656,2.012
220,1,H,0.926,0.145,1.424,1.866
221,15,P,3.639,0.516,139.294,21.201
222,8,O,0.808,-0.582,25.704,6.796
223,8,O,0.808,-0.529,24.457,6.629
224,8,O,1.656,-0.314,19.252,5.923
225,6,C,3.898,0.085,19.116,6.215
226,6,C,3.785,0.096,19.015,6.211
227,8,O,1.699,-0.296,18.931,5.874
228,6,C,3.926,0.126,18.483,6.110
229,8,O,1.656,-0.354,19.980,6.034
230,6,C,3.816,-0.085,22.116,6.693
231,6,C,3.741,0.165,18.016,6.056
232,7,N,2.742,0.004,21.187,6.836
233,6,C,2.708,0.322,21.522,7.594
234,8,O,0.858,-0.464,22.996,6.429
235,7,N,2.698,-0.136,23.956,7.269
236,6,C,2.763,0.271,22.415,7.753
237,8,O,0.858,-0.288,19.561,5.930
238,6,C,2.955,0.026,27.417,8.588
239,6,C,3.755,-0.177,24.002,6.986
240,6,C,2.851,0.037,27.163,8.542
241,1,H,0.924,0.077,2.013,2.219
242,1,H,0.924,0.026,2.642,2.542
243,1,H,0.924,0.055,2.264,2.353
244,1,H,0.924,0.050,2.318,2.381
245,1,H,0.925,0.115,1.651,2.009
246,1,H,0.925,0.089,1.887,2.148
247,1,H,0.925,0.086,1.914,2.163
248,1,H,0.861,0.296,0.725,1.334
249,1,H,0.925,0.232,0.951,1.525
250,1,H,0.924,0.102,1.770,2.080
251,1,H,0.925,0.192,1.138,1.669
252,1,H,0.926,0.127,1.555,1.950
253,15,P,3.639,0.486,140.401,21.285
254,8,O,0.808,-0.585,25.776,6.806
255,8,O,0.808,-0.539,24.701,6.662
256,8,O,1.656,-0.320,19.355,5.939
257,6,C,3.899,0.088,19.067,6.207
258,6,C,3.786,0.096,19.019,6.212
259,8,O,1.698,-0.305,19.082,5.898
260,6,C,3.931,0.129,18.425,6.100
261,8,O,1.656,-0.350,19.906,6.023
262,6,C,3.817,-0.078,21.981,6.673
263,6,C,3.746,0.169,17.952,6.044
264,7,N,2.742,-0.005,21.357,6.864
265,6,C,2.708,0.323,21.502,7.590
266,8,O,0.858,-0.459,22.902,6.416
267,7,N,2.698,-0.141,24.058,7.285
268,6,C,2.763,0.276,22.340,7.740
269,8,O,0.858,-0.288,19.570,5.931
270,6,C,2.955,0.029,27.357,8.579
271,6,C,3.755,-0.170,23.865,6.966
272,6,C,2.851,0.043,27.026,8.521
273,1,H,0.924,0.074,2.042,2.235
274,1,H,0.925,0.029,2.598,2.521
275,1,H,0.924,0.059,2.216,2.328
276,1,H,0.924,0.037,2.486,2.466
277,1,H,0.925,0.099,1.791,2.093
278,1,H,0.925,0.080,1.981,2.201
279,1,H,0.925,0.085,1.930,2.172
280,1,H,0.861,0.296,0.726,1.335
281,1,H,0.924,0.188,1.161,1.685
282,1,H,0.924,0.223,0.990,1.556
283,1,H,0.924,0.090,1.875,2.142
284,1,H,0.926,0.114,1.660,2.015
285,15,P,3.635,0.467,141.145,21.341
286,8,O,0.808,-0.582,25.720,6.798
287,8,O,0.808,-0.550,24.939,6.694
288,8,O,1.656,-0.324,19.430,5.951
289,6,C,3.895,0.094,18.986,6.194
290,6,C,3.800,0.101,18.916,6.192
291,8,O,1.702,-0.313,19.223,5.920
292,6,C,3.929,0.127,18.457,6.105
293,8,O,1.656,-0.348,19.873,6.018
294,6,C,3.818,-0.084,22.093,6.689
295,6,C,3.736,0.164,18.038,6.061
296,7,N,2.830,-0.023,21.687,6.916
297,6,C,3.152,0.113,25.239,8.217
298,7,N,1.879,-0.169,25.453,7.479
299,6,C,3.214,0.034,26.575,8.388
300,6,C,2.767,0.279,22.279,7.730
301,8,O,0.858,-0.302,19.816,5.968
302,7,N,2.712,-0.149,24.226,7.310
303,6,C,2.843,0.231,23.161,7.887
304,7,N,2.650,-0.191,25.159,7.449
305,7,N,1.837,-0.245,27.245,7.735
306,6,C,3.119,0.136,24.872,8.168
307,1,H,0.924,0.063,2.163,2.300
308,1,H,0.925,0.030,2.587,2.515
309,1,H,0.924,0.057,2.238,2.340
310,1,H,0.925,0.038,2.480,2.463
311,1,H,0.925,0.080,1.977,2.199
312,1,H,0.926,0.094,1.839,2.120
313,1,H,0.924,0.103,1.756,2.072
314,1,H,0.926,0.078,1.999,2.211
315,1,H,0.861,0.307,0.693,1.304
316,1,H,0.860,0.300,0.715,1.324
317,1,H,0.860,0.267,0.820,1.419
318,15,P,3.635,0.458,141.456,21.365
319,8,O,0.808,-0.577,25.588,6.781
320,8,O,0.808,-0.563,25.247,6.735
321,8,O,1.656,-0.327,19.480,5.958
322,6,C,3.889,0.089,19.054,6.205
323,6,C,3.788,0.095,19.026,6.212
324,8,O,1.699,-0.315,19.253,5.924
325,6,C,3.934,0.127,18.458,6.105
326,8,O,1.656,-0.345,19.811,6.009
327,6,C,3.817,-0.089,22.180,6.703
328,6,C,3.727,0.157,18.159,6.084
329,7,N,2.831,-0.017,21.582,6.900
330,6,C,3.145,0.112,25.285,8.227
331,7,N,1.879,-0.193,26.020,7.562
332,6,C,3.210,0.030,26.703,8.412
333,6,C,2.766,0.276,22.334,7.740
334,8,O,0.858,-0.334,20.407,6.057
335,7,N,2.711,-0.133,23.879,7.258
336,6,C,2.840,0.237,23.058,7.869
337,7,N,2.649,-0.159,24.435,7.342
338,7,N,1.836,-0.218,26.592,7.642
339,6,C,3.112,0.128,25.048,8.199
340,1,H,0.925,0.070,2.086,2.259
341,1,H,0.924,0.037,2.490,2.468
342,1,H,0.924,0.074,2.046,2.237
343,1,H,0.925,0.035,2.512,2.479
344,1,H,0.924,0.078,1.999,2.211
345,1,H,0.926,0.107,1.721,2.052
346,1,H,0.924,0.122,1.598,1.977
347,1,H,0.926,0.076,2.024,2.225
348,1,H,0.861,0.305,0.698,1.308
349,1,H,0.860,0.305,0.700,1.310
350,1,H,0.860,0.287,0.754,1.360
351,15,P,3.643,0.484,140.501,21.293
352,8,O,0.808,-0.573,25.490,6.768
353,8,O,0.808,-0.569,25.391,6.755
354,8,O,1.656,-0.318,19.326,5.934
355,6,C,3.890,0.080,19.194,6.228
356,6,C,3.807,0.103,18.878,6.185
357,8,O,1.701,-0.294,18.894,5.869
358,6,C,3.741,0.134,18.479,6.133
359,8,O,0.848,-0.466,23.047,6.436
360,6,C,3.817,-0.075,21.927,6.665
361,6,C,3.752,0.160,18.073,6.063
362,7,N,2.743,-0.018,21.597,6.902
363,6,C,2.733,0.323,21.515,7.594
364,8,O,0.860,-0.460,22.920,6.419
365,7,N,1.843,-0.266,27.755,7.808
366,6,C,2.852,0.187,23.998,8.029
367,7,N,2.647,-0.193,25.191,7.454
368,6,C,2.908,-0.067,29.667,8.931
369,6,C,2.856,0.044,26.997,8.516
370,1,H,0.924,0.085,1.933,2.174
371,1,H,0.924,0.057,2.235,2.338
372,1,H,0.924,0.094,1.840,2.121
373,1,H,0.925,0.106,1.728,2.056
374,1,H,0.924,0.097,1.809,2.103
375,1,H,0.924,0.126,1.567,1.957
376,1,H,0.925,0.142,1.448,1.882
377,1,H,0.860,0.306,0.695,1.306
378,1,H,0.860,0.272,0.804,1.405
379,1,H,0.926,0.107,1.727,2.055
380,1,H,0.926,0.093,1.845,2.124
381,8,O,0.848,-0.411,21.912,6.276
382,6,C,3.674,0.070,19.630,6.349
383,6,C,3.771,0.110,18.815,6.181
384,8,O,1.699,-0.242,18.013,5.730
385,6,C,3.932,0.123,18.517,6.115
386,8,O,1.656,-0.334,19.613,5.978
387,6,C,3.818,-0.094,22.284,6.718
388,6,C,3.715,0.159,18.151,6.087
389,7,N,2.831,0.000,21.256,6.848
390,6,C,3.149,0.115,25.224,8.216
391,7,N,1.880,-0.152,25.087,7.425
392,6,C,3.211,0.043,26.402,8.364
393,6,C,2.767,0.285,22.165,7.710
394,8,O,0.858,-0.363,20.953,6.137
395,7,N,2.711,-0.143,24.102,7.291
396,6,C,2.843,0.243,22.934,7.848
397,7,N,2.650,-0.181,24.934,7.416
398,7,N,1.837,-0.220,26.630,7.647
399,6,C,3.119,0.140,24.788,8.154
400,1,H,0.925,0.151,1.382,1.838
401,1,H,0.925,0.163,1.309,1.789
402,1,H,0.924,0.126,1.563,1.955
403,1,H,0.925,0.081,1.966,2.192
404,1,H,0.925,0.123,1.592,1.973
405,1,H,0.925,0.112,1.680,2.027
406,1,H,0.925,0.144,1.436,1.874
407,1,H,0.926,0.144,1.434,1.873
408,1,H,0.861,0.288,0.749,1.356
409,1,H,0.860,0.305,0.698,1.309
410,1,H,0.860,0.294,0.731,1.340
411,15,P,3.645,0.552,137.984,21.101
412,8,O,0.808,-0.560,25.185,6.727
413,8,O,0.808,-0.528,24.451,6.628
414,8,O,1.656,-0.321,19.380,5.943
415,6,C,3.898,0.078,19.233,6.234
416,6,C,3.794,0.094,19.038,6.213
417,8,O,1.700,-0.285,18.734,5.844
418,6,C,3.923,0.120,18.565,6.124
419,8,O,1.656,-0.343,19.784,6.004
420,6,C,3.815,-0.092,22.242,6.712
421,6,C,3.747,0.157,18.129,6.073
422,7,N,2.743,-0.009,21.426,6.875
423,6,C,2.734,0.317,21.610,7.611
424,8,O,0.860,-0.461,22.931,6.420
425,7,N,1.843,-0.257,27.548,7.779
426,6,C,2.852,0.182,24.097,8.046
427,7,N,2.648,-0.170,24.694,7.380
428,6,C,2.908,-0.067,29.669,8.932
429,6,C,2.857,0.042,27.042,8.523
430,1,H,0.925,0.084,1.942,2.179
431,1,H,0.924,0.044,2.395,2.420
432,1,H,0.924,0.081,1.971,2.195
433,1,H,0.924,0.061,2.189,2.313
434,1,H,0.924,0.112,1.683,2.029
435,1,H,0.925,0.106,1.733,2.059
436,1,H,0.925,0.123,1.588,1.971
437,1,H,0.860,0.308,0.691,1.302
438,1,H,0.860,0.305,0.698,1.309
439,1,H,0.926,0.166,1.291,1.777
440,1,H,0.926,0.123,1.586,1.969
441,15,P,3.640,0.543,138.319,21.127
442,8,O,0.808,-0.560,25.179,6.726
443,8,O,0.808,-0.531,24.519,6.638
444,8,O,1.656,-0.320,19.359,5.940
445,6,C,3.901,0.078,19.223,6.232
446,6,C,3.790,0.092,19.074,6.220
447,8,O,1.699,-0.279,18.631,5.828
448,6,C,3.923,0.121,18.552,6.121
449,8,O,1.656,-0.345,19.805,6.008
450,6,C,3.815,-0.093,22.260,6.715
451,6,C,3.745,0.154,18.169,6.080
452,7,N,2.744,0.003,21.219,6.841
453,6,C,2.734,0.317,21.612,7.611
454,8,O,0.860,-0.461,22.937,6.421
455,7,N,1.843,-0.242,27.161,7.724
456,6,C,2.852,0.188,23.982,8.026
457,7,N,2.648,-0.164,24.551,7.359
458,6,C,2.909,-0.059,29.476,8.902
459,6,C,2.857,0.047,26.938,8.507
460,1,H,0.924,0.089,1.889,2.149
461,1,H,0.924,0.042,2.425,2.435
462,1,H,0.924,0.084,1.940,2.178
463,1,H,0.924,0.063,2.167,2.302
464,1,H,0.925,0.114,1.662,2.016
465,1,H,0.926,0.099,1.793,2.094
466,1,H,0.925,0.122,1.598,1.977
467,1,H,0.860,0.315,0.671,1.283
468,1,H,0.860,0.315,0.669,1.281
469,1,H,0.926,0.179,1.212,1.721
470,1,H,0.926,0.124,1.585,1.969
471,15,P,3.644,0.541,138.374,21.131
472,8,O,0.808,-0.567,25.350,6.749
473,8,O,0.808,-0.524,24.359,6.616
474,8,O,1.656,-0.319,19.351,5.938
475,6,C,3.904,0.077,19.241,6.235
476,6,C,3.765,0.090,19.129,6.234
477,8,O,1.698,-0.281,18.666,5.833
478,6,C,3.915,0.125,18.496,6.113
479,8,O,1.656,-0.346,19.838,6.013
480,6,C,3.816,-0.086,22.131,6.696
481,6,C,3.705,0.160,18.159,6.092
482,7,N,2.836,-0.015,21.539,6.893
483,6,C,3.161,0.099,25.513,8.257
484,7,N,1.881,-0.134,24.680,7.364
485,6,C,3.221,0.029,26.643,8.392
486,6,C,2.881,0.172,24.302,8.082
487,7,N,2.645,-0.145,24.150,7.299
488,7,N,1.845,-0.214,26.493,7.628
489,6,C,2.950,0.127,25.217,8.236
490,7,N,1.829,-0.197,26.090,7.569
491,6,C,3.188,0.131,24.697,8.108
492,1,H,0.924,0.102,1.771,2.081
493,1,H,0.924,0.043,2.403,2.424
494,1,H,0.924,0.083,1.953,2.185
495,1,H,0.924,0.049,2.332,2.388
496,1,H,0.925,0.106,1.729,2.057
497,1,H,0.925,0.079,1.987,2.205
498,1,H,0.924,0.095,1.832,2.117
499,1,H,0.926,0.112,1.680,2.027
500,1,H,0.860,0.321,0.654,1.267
501,1,H,0.860,0.340,0.606,1.219
502,1,H,0.926,0.079,1.990,2.206
503,15,P,3.642,0.511,139.500,21.217
504,8,O,0.808,-0.569,25.404,6.756
505,8,O,0.808,-0.536,24.633,6.653
506,8,O,1.656,-0.328,19.505,5.962
507,6,C,3.907,0.087,19.083,6.209
508,6,C,3.782,0.098,18.981,6.206
509,8,O,1.700,-0.308,19.136,5.906
510,6,C,3.919,0.126,18.481,6.110
511,8,O,1.656,-0.354,19.975,6.033
512,6,C,3.815,-0.083,22.064,6.685
513,6,C,3.722,0.169,17.983,6.056
514,7,N,2.834,-0.033,21.877,6.947
515,6,C,3.159,0.103,25.433,8.245
516,7,N,1.881,-0.156,25.179,7.438
517,6,C,3.218,0.027,26.711,8.406
518,6,C,2.881,0.167,24.405,8.099
519,7,N,2.645,-0.148,24.211,7.308
520,7,N,1.845,-0.192,25.975,7.553
521,6,C,2.950,0.133,25.088,8.215
522,7,N,1.829,-0.207,26.340,7.605
523,6,C,3.188,0.138,24.557,8.084
524,1,H,0.924,0.080,1.984,2.203
525,1,H,0.924,0.032,2.560,2.502
526,1,H,0.924,0.057,2.231,2.336
527,1,H,0.924,0.046,2.369,2.407
528,1,H,0.924,0.097,1.815,2.107
529,1,H,0.925,0.077,2.014,2.219
530,1,H,0.924,0.077,2.008,2.216
531,1,H,0.926,0.094,1.839,2.121
532,1,H,0.860,0.341,0.602,1.216
533,1,H,0.860,0.330,0.631,1.244
534,1,H,0.926,0.090,1.880,2.144
535,15,P,3.645,0.486,140.430,21.287
536,8,O,0.808,-0.577,25.596,6.782
537,8,O,0.808,-0.541,24.748,6.669
538,8,O,1.656,-0.325,19.449,5.953
539,6,C,3.908,0.091,19.028,6.200
540,6,C,3.777,0.098,18.986,6.208
541,8,O,1.700,-0.318,19.314,5.934
542,6,C,3.921,0.129,18.438,6.103
543,8,O,1.656,-0.354,19.971,6.033
544,6,C,3.816,-0.078,21.971,6.671
545,6,C,3.720,0.175,17.908,6.044
546,7,N,2.835,-0.037,21.955,6.959
547,6,C,3.161,0.105,25.380,8.235
548,7,N,1.881,-0.170,25.483,7.483
549,6,C,3.221,0.028,26.659,8.395
550,6,C,2.880,0.169,24.358,8.091
551,7,N,2.645,-0.151,24.282,7.319
552,7,N,1.845,-0.187,25.867,7.538
553,6,C,2.949,0.132,25.116,8.220
554,7,N,1.829,-0.206,26.316,7.602
555,6,C,3.187,0.140,24.536,8.082
556,1,H,0.924,0.069,2.099,2.266
557,1,H,0.924,0.032,2.565,2.504
558,1,H,0.924,0.058,2.223,2.331
559,1,H,0.924,0.037,2.483,2.464
560,1,H,0.924,0.093,1.847,2.125
561,1,H,0.925,0.077,2.006,2.215
562,1,H,0.925,0.074,2.047,2.237
563,1,H,0.926,0.079,1.989,2.206
564,1,H,0.860,0.338,0.610,1.223
565,1,H,0.860,0.316,0.667,1.279
566,1,H,0.926,0.099,1.797,2.096
567,15,P,3.643,0.469,141.045,21.334
568,8,O,0.808,-0.584,25.764,6.804
569,8,O,0.808,-0.550,24.952,6.696
570,8,O,1.656,-0.324,19.438,5.952
571,6,C,3.907,0.089,19.053,6.204
572,6,C,3.768,0.096,19.031,6.217
573,8,O,1.698,-0.316,19.269,5.927
574,6,C,3.925,0.132,18.381,6.093
575,8,O,1.656,-0.351,19.933,6.027
576,6,C,3.816,-0.075,21.922,6.664
577,6,C,3.714,0.175,17.921,6.049
578,7,N,2.833,-0.041,22.026,6.970
579,6,C,3.159,0.110,25.289,8.222
580,7,N,1.881,-0.184,25.802,7.530
581,6,C,3.218,0.029,26.670,8.399
582,6,C,2.880,0.168,24.386,8.096
583,7,N,2.645,-0.163,24.537,7.357
584,7,N,1.845,-0.182,25.753,7.521
585,6,C,2.951,0.129,25.183,8.231
586,7,N,1.829,-0.192,25.992,7.555
587,6,C,3.189,0.139,24.544,8.082
588,1,H,0.924,0.072,2.068,2.249
589,1,H,0.924,0.032,2.559,2.501
590,1,H,0.924,0.064,2.151,2.294
591,1,H,0.924,0.030,2.583,2.513
592,1,H,0.925,0.084,1.934,2.175
593,1,H,0.925,0.079,1.991,2.207
594,1,H,0.924,0.083,1.952,2.185
595,1,H,0.926,0.065,2.144,2.290
596,1,H,0.860,0.333,0.623,1.237
597,1,H,0.860,0.298,0.720,1.330
598,1,H,0.926,0.123,1.587,1.970
599,15,P,3.643,0.468,141.098,21.338
600,8,O,0.808,-0.584,25.760,6.803
601,8,O,0.808,-0.557,25.105,6.716
602,8,O,1.656,-0.325,19.450,5.954
603,6,C,3.903,0.088,19.068,6.207
604,6,C,3.770,0.094,19.054,6.221
605,8,O,1.698,-0.316,19.285,5.929
606,6,C,3.930,0.133,18.377,6.092
607,8,O,1.656,-0.350,19.909,6.023
608,6,C,3.816,-0.076,21.942,6.667
609,6,C,3.719,0.174,17.924,6.047
610,7,N,2.831,-0.037,21.960,6.960
611,6,C,3.155,0.109,25.313,8.227
612,7,N,1.881,-0.192,25.992,7.558
613,6,C,3.214,0.030,26.679,8.404
614,6,C,2.879,0.170,24.349,8.089
615,7,N,2.645,-0.168,24.632,7.371
616,7,N,1.845,-0.180,25.716,7.516
617,6,C,2.950,0.126,25.246,8.241
618,7,N,1.828,-0.191,25.947,7.548
619,6,C,3.187,0.138,24.580,8.089
620,1,H,0.924,0.071,2.071,2.251
621,1,H,0.925,0.035,2.523,2.484
622,1,H,0.924,0.070,2.085,2.258
623,1,H,0.924,0.027,2.634,2.538
624,1,H,0.924,0.080,1.978,2.200
625,1,H,0.925,0.085,1.929,2.172
626,1,H,0.924,0.087,1.910,2.161
627,1,H,0.926,0.062,2.178,2.308
628,1,H,0.860,0.323,0.648,1.261
629,1,H,0.860,0.287,0.753,1.359
630,1,H,0.926,0.133,1.511,1.922
631,15,P,3.643,0.480,140.630,21.302
632,8,O,0.808,-0.583,25.738,6.801
633,8,O,0.808,-0.554,25.053,6.709
634,8,O,1.656,-0.322,19.390,5.944
635,6,C,3.903,0.085,19.122,6.216
636,6,C,3.764,0.093,19.088,6.227
637,8,O,1.698,-0.309,19.145,5.908
638,6,C,3.923,0.130,18.413,6.099
639,8,O,1.656,-0.346,19.832,6.012
640,6,C,3.815,-0.079,22.005,6.677
641,6,C,3.707,0.167,18.047,6.072
642,7,N,2.831,-0.034,21.895,6.950
643,6,C,3.155,0.108,25.338,8.231
644,7,N,1.881,-0.204,26.273,7.598
645,6,C,3.214,0.028,26.720,8.411
646,6,C,2.880,0.169,24.362,8.092
647,7,N,2.645,-0.186,25.027,7.430
648,7,N,1.845,-0.179,25.691,7.512
649,6,C,2.950,0.126,25.228,8.238
650,7,N,1.828,-0.173,25.537,7.488
651,6,C,3.186,0.134,24.651,8.102
652,1,H,0.924,0.076,2.020,2.222
653,1,H,0.924,0.036,2.496,2.471
654,1,H,0.924,0.079,1.994,2.208
655,1,H,0.924,0.033,2.547,2.496
656,1,H,0.925,0.078,1.997,2.210
657,1,H,0.925,0.089,1.888,2.149
658,1,H,0.924,0.103,1.761,2.075
659,1,H,0.926,0.064,2.156,2.296
660,1,H,0.860,0.312,0.678,1.289
661,1,H,0.860,0.276,0.789,1.392
662,1,H,0.926,0.142,1.449,1.882
663,15,P,3.642,0.486,140.434,21.287
664,8,O,0.808,-0.571,25.437,6.761
665,8,O,0.808,-0.559,25.159,6.724
666,8,O,1.656,-0.327,19.487,5.959
667,6,C,3.901,0.082,19.167,6.223
668,6,C,3.784,0.090,19.109,6.227
669,8,O,1.698,-0.302,19.032,5.890
670,6,C,3.932,0.128,18.450,6.104
671,8,O,1.656,-0.338,19.689,5.990
672,6,C,3.817,-0.080,22.017,6.678
673,6,C,3.744,0.163,18.037,6.058
674,7,N,2.742,-0.014,21.518,6.889
675,6,C,2.708,0.319,21.574,7.603
676,8,O,0.858,-0.431,22.310,6.333
677,7,N,2.698,-0.147,24.176,7.303
678,6,C,2.763,0.276,22.324,7.738
679,8,O,0.858,-0.358,20.867,6.125
680,6,C,2.955,0.006,27.891,8.662
681,6,C,3.754,-0.148,23.412,6.899
682,6,C,2.851,0.035,27.221,8.551
683,1,H,0.924,0.083,1.953,2.185
684,1,H,0.924,0.045,2.385,2.415
685,1,H,0.924,0.087,1.908,2.160
686,1,H,0.924,0.036,2.498,2.471
687,1,H,0.925,0.086,1.917,2.165
688,1,H,0.925,0.085,1.929,2.172
689,1,H,0.925,0.106,1.733,2.059
690,1,H,0.861,0.296,0.726,1.334
691,1,H,0.924,0.122,1.601,1.979
692,1,H,0.924,0.153,1.372,1.832
693,1,H,0.925,0.065,2.141,2.288
694,1,H,0.926,0.101,1.778,2.085
695,15,P,3.640,0.492,140.191,21.269
696,8,O,0.808,-0.575,25.541,6.775
697,8,O,0.808,-0.559,25.163,6.724
698,8,O,1.656,-0.326,19.463,5.956
699,6,C,3.900,0.079,19.216,6.231
700,6,C,3.774,0.092,19.090,6.226
701,8,O,1.698,-0.283,18.705,5.839
702,6,C,3.925,0.131,18.409,6.098
703,8,O,1.656,-0.337,19.664,5.986
704,6,C,3.818,-0.077,21.951,6.668
705,6,C,3.723,0.167,18.017,6.062
706,7,N,2.743,-0.037,21.965,6.961
707,6,C,2.734,0.325,21.472,7.587
708,8,O,0.860,-0.468,23.085,6.442
709,7,N,1.843,-0.276,28.019,7.845
710,6,C,2.852,0.187,23.999,8.029
711,7,N,2.648,-0.191,25.152,7.448
712,6,C,2.908,-0.075,29.877,8.963
713,6,C,2.857,0.052,26.823,8.489
714,1,H,0.925,0.094,1.838,2.120
715,1,H,0.925,0.049,2.337,2.390
716,1,H,0.924,0.097,1.811,2.104
717,1,H,0.924,0.033,2.540,2.492
718,1,H,0.925,0.077,2.015,2.220
719,1,H,0.925,0.075,2.026,2.226
720,1,H,0.925,0.113,1.669,2.020
721,1,H,0.860,0.298,0.718,1.327
722,1,H,0.860,0.261,0.843,1.438
723,1,H,0.926,0.113,1.671,2.021
724,1,H,0.926,0.078,1.996,2.209
725,15,P,3.629,0.499,139.921,21.249
726,8,O,0.808,-0.566,25.336,6.747
727,8,O,0.808,-0.568,25.364,6.751
728,8,O,1.656,-0.316,19.287,5.928
729,6,C,3.888,0.076,19.264,6.240
730,6,C,3.788,0.106,18.855,6.184
731,8,O,1.700,-0.271,18.496,5.807
732,6,C,3.754,0.128,18.553,6.142
733,8,O,0.848,-0.455,22.818,6.404
734,6,C,3.825,-0.089,22.171,6.700
735,6,C,3.731,0.165,18.035,6.062
736,7,N,2.831,-0.015,21.535,6.892
737,6,C,3.146,0.117,25.184,8.210
738,7,N,1.879,-0.214,26.501,7.631
739,6,C,3.210,0.036,26.564,8.390
740,6,C,2.766,0.281,22.249,7.725
741,8,O,0.858,-0.394,21.558,6.225
742,7,N,2.711,-0.146,24.152,7.299
743,6,C,2.841,0.240,22.988,7.857
744,7,N,2.650,-0.191,25.158,7.449
745,7,N,1.837,-0.219,26.624,7.647
746,6,C,3.114,0.144,24.727,8.146
747,1,H,0.924,0.099,1.790,2.092
748,1,H,0.924,0.070,2.091,2.261
749,1,H,0.924,0.115,1.651,2.009
750,1,H,0.924,0.122,1.597,1.976
751,1,H,0.925,0.076,2.026,2.226
752,1,H,0.924,0.105,1.742,2.064
753,1,H,0.924,0.136,1.492,1.910
754,1,H,0.926,0.088,1.894,2.152
755,1,H,0.861,0.285,0.759,1.365
756,1,H,0.860,0.293,0.736,1.344
757,1,H,0.860,0.308,0.691,1.302
