#,Z,Born,rad/Å,SASA/Å²,H-bond
1,8,O,1.989,17.769,-0.002
2,6,C,2.321,0.777,-0.000
3,6,C,2.510,0.095,-0.000
4,8,O,2.295,11.632,-0.001
5,6,C,2.604,0.014,-0.000
6,8,O,2.433,0.112,-0.000
7,6,C,2.543,1.111,-0.000
8,6,C,2.615,1.087,-0.000
9,7,N,2.715,0.881,-0.000
10,6,C,2.617,5.606,-0.001
11,7,N,2.393,17.018,-0.001
12,6,C,2.932,3.560,-0.000
13,6,C,2.728,4.152,-0.000
14,7,N,2.240,3.749,-0.000
15,7,N,2.521,2.295,-0.000
16,6,C,2.602,6.090,-0.001
17,7,N,2.398,11.049,-0.001
18,6,C,2.968,3.301,-0.000
19,1,H,1.843,15.012,-0.025
20,1,H,1.845,10.826,-0.018
21,1,H,1.907,15.921,-0.027
22,1,H,1.944,12.248,-0.021
23,1,H,2.011,2.143,-0.004
24,1,H,1.911,18.942,-0.032
25,1,H,1.922,17.635,-0.030
26,1,H,1.956,7.128,-0.012
27,1,H,1.970,1.159,-0.002
28,1,H,1.873,21.984,-0.037
29,1,H,1.960,11.095,-0.019
30,1,H,1.699,26.013,-0.044
31,15,P,2.771,9.980,-0.002
32,8,O,2.073,26.818,-0.003
33,8,O,2.091,24.432,-0.003
34,8,O,2.295,6.621,-0.001
35,6,C,2.505,0.068,-0.000
36,6,C,2.617,0.013,-0.000
37,8,O,2.558,0.032,-0.000
38,6,C,2.683,0.005,-0.000
39,8,O,2.478,0.051,-0.000
40,6,C,2.580,1.302,-0.000
41,6,C,2.759,0.029,-0.000
42,7,N,2.882,0.000,0.000
43,6,C,2.689,1.007,-0.000
44,7,N,2.453,12.021,-0.001
45,6,C,3.041,0.364,-0.000
46,6,C,2.715,0.338,-0.000
47,8,O,2.188,12.863,-0.001
48,7,N,2.639,0.000,-0.000
49,6,C,2.784,0.042,-0.000
50,7,N,2.281,0.543,-0.000
51,7,N,2.589,3.402,-0.000
52,6,C,3.151,0.000,0.000
53,1,H,1.951,4.712,-0.008
54,1,H,2.036,0.362,-0.001
55,1,H,1.987,10.861,-0.018
56,1,H,1.999,10.953,-0.018
57,1,H,2.019,3.358,-0.006
58,1,H,1.933,18.000,-0.030
59,1,H,2.003,8.522,-0.014
60,1,H,1.994,7.646,-0.013
61,1,H,2.333,0.006,-0.000
62,1,H,2.037,0.134,-0.000
63,1,H,1.892,20.379,-0.034
64,15,P,2.797,6.912,-0.001
65,8,O,2.087,26.086,-0.003
66,8,O,2.082,27.366,-0.003
67,8,O,2.320,4.363,-0.000
68,6,C,2.489,0.378,-0.000
69,6,C,2.627,0.000,0.000
70,8,O,2.487,0.092,-0.000
71,6,C,2.662,0.007,-0.000
72,8,O,2.425,0.477,-0.000
73,6,C,2.585,1.088,-0.000
74,6,C,2.752,0.002,-0.000
75,7,N,2.729,0.000,-0.000
76,6,C,2.739,0.000,-0.000
77,8,O,2.231,4.950,-0.001
78,7,N,2.605,0.001,-0.000
79,6,C,2.725,0.336,-0.000
80,7,N,2.268,2.323,-0.000
81,6,C,2.634,3.243,-0.000
82,6,C,2.691,0.335,-0.000
83,1,H,1.909,11.082,-0.019
84,1,H,1.990,3.133,-0.005
85,1,H,2.030,5.844,-0.010
86,1,H,1.982,10.620,-0.018
87,1,H,2.015,2.912,-0.005
88,1,H,1.931,17.413,-0.029
89,1,H,2.034,4.585,-0.008
90,1,H,1.983,2.644,-0.004
91,1,H,1.889,21.301,-0.036
92,1,H,1.941,20.136,-0.034
93,1,H,2.011,8.201,-0.014
94,15,P,2.788,9.382,-0.002
95,8,O,2.080,26.669,-0.003
96,8,O,2.083,26.778,-0.003
97,8,O,2.309,5.979,-0.001
98,6,C,2.509,0.099,-0.000
99,6,C,2.613,0.003,-0.000
100,8,O,2.504,0.182,-0.000
101,6,C,2.658,0.013,-0.000
102,8,O,2.423,0.409,-0.000
103,6,C,2.576,1.197,-0.000
104,6,C,2.767,0.030,-0.000
105,7,N,2.908,0.000,0.000
106,6,C,2.758,1.042,-0.000
107,7,N,2.498,9.521,-0.001
108,6,C,3.154,0.111,-0.000
109,6,C,2.891,0.008,-0.000
110,7,N,2.302,0.677,-0.000
111,7,N,2.633,0.000,0.000
112,6,C,2.695,0.566,-0.000
113,7,N,2.495,8.148,-0.001
114,6,C,3.194,0.000,0.000
115,1,H,1.931,7.940,-0.013
116,1,H,2.085,0.007,-0.000
117,1,H,1.994,9.742,-0.016
118,1,H,1.990,10.617,-0.018
119,1,H,2.009,6.279,-0.011
120,1,H,1.938,17.464,-0.029
121,1,H,2.062,4.078,-0.007
122,1,H,2.054,4.448,-0.007
123,1,H,1.980,3.343,-0.006
124,1,H,1.917,18.790,-0.032
125,1,H,2.004,7.462,-0.013
126,15,P,2.794,8.713,-0.002
127,8,O,2.087,26.030,-0.003
128,8,O,2.087,25.792,-0.003
129,8,O,2.334,4.118,-0.000
130,6,C,2.531,0.066,-0.000
131,6,C,2.620,0.020,-0.000
132,8,O,2.549,0.207,-0.000
133,6,C,2.656,0.004,-0.000
134,8,O,2.453,0.721,-0.000
135,6,C,2.627,0.043,-0.000
136,6,C,2.738,0.012,-0.000
137,7,N,2.864,0.000,-0.000
138,6,C,2.741,0.687,-0.000
139,7,N,2.505,6.660,-0.000
140,6,C,3.141,0.000,0.000
141,6,C,2.912,0.000,0.000
142,7,N,2.307,0.108,-0.000
143,7,N,2.624,0.000,-0.000
144,6,C,2.651,0.428,-0.000
145,7,N,2.476,7.621,-0.001
146,6,C,3.170,0.000,-0.000
147,1,H,1.972,6.243,-0.010
148,1,H,2.068,0.009,-0.000
149,1,H,2.006,12.415,-0.021
150,1,H,1.987,11.961,-0.020
151,1,H,2.128,0.000,-0.000
152,1,H,1.965,15.346,-0.026
153,1,H,1.991,11.981,-0.020
154,1,H,2.026,7.395,-0.012
155,1,H,1.963,1.583,-0.003
156,1,H,1.920,7.097,-0.012
157,1,H,1.980,9.649,-0.016
158,15,P,2.787,7.471,-0.001
159,8,O,2.078,26.213,-0.003
160,8,O,2.087,26.922,-0.003
161,8,O,2.322,5.208,-0.001
162,6,C,2.493,0.280,-0.000
163,6,C,2.623,0.009,-0.000
164,8,O,2.479,0.677,-0.000
165,6,C,2.664,0.010,-0.000
166,8,O,2.465,0.079,-0.000
167,6,C,2.569,1.027,-0.000
168,6,C,2.740,0.095,-0.000
169,7,N,2.781,0.000,0.000
170,6,C,2.696,0.026,-0.000
171,8,O,2.165,12.393,-0.001
172,7,N,2.492,0.000,-0.000
173,6,C,2.647,0.034,-0.000
174,8,O,2.171,9.869,-0.001
175,6,C,2.765,0.000,0.000
176,6,C,2.423,2.118,-0.000
177,6,C,2.860,0.000,-0.000
178,1,H,1.925,9.852,-0.017
179,1,H,1.976,2.643,-0.004
180,1,H,2.001,10.732,-0.018
181,1,H,1.980,11.158,-0.019
182,1,H,1.996,5.107,-0.009
183,1,H,1.928,18.024,-0.030
184,1,H,1.992,10.017,-0.017
185,1,H,2.200,0.003,-0.000
186,1,H,1.872,15.562,-0.026
187,1,H,1.886,13.257,-0.022
188,1,H,1.898,12.977,-0.022
189,1,H,2.134,0.035,-0.000
190,15,P,2.793,7.752,-0.002
191,8,O,2.085,25.897,-0.003
192,8,O,2.085,24.270,-0.003
193,8,O,2.326,4.229,-0.000
194,6,C,2.524,0.000,-0.000
195,6,C,2.615,0.074,-0.000
196,8,O,2.491,0.704,-0.000
197,6,C,2.649,0.011,-0.000
198,8,O,2.415,0.738,-0.000
199,6,C,2.586,0.592,-0.000
200,6,C,2.707,0.008,-0.000
201,7,N,2.716,0.000,0.000
202,6,C,2.729,0.030,-0.000
203,8,O,2.206,11.538,-0.001
204,7,N,2.619,0.001,-0.000
205,6,C,2.803,0.000,0.000
206,7,N,2.293,0.333,-0.000
207,6,C,2.682,0.377,-0.000
208,6,C,2.718,0.002,-0.000
209,1,H,1.972,2.915,-0.005
210,1,H,2.042,0.015,-0.000
211,1,H,1.994,12.189,-0.020
212,1,H,1.988,10.590,-0.018
213,1,H,2.030,3.412,-0.006
214,1,H,1.948,16.902,-0.028
215,1,H,1.973,10.412,-0.017
216,1,H,1.994,1.384,-0.002
217,1,H,1.903,15.986,-0.027
218,1,H,1.967,15.453,-0.026
219,1,H,2.038,3.645,-0.006
220,15,P,2.796,7.709,-0.002
221,8,O,2.074,28.263,-0.003
222,8,O,2.100,24.830,-0.003
223,8,O,2.312,4.869,-0.001
224,6,C,2.495,0.309,-0.000
225,6,C,2.599,0.026,-0.000
226,8,O,2.463,0.718,-0.000
227,6,C,2.674,0.000,-0.000
228,8,O,2.427,1.283,-0.000
229,6,C,2.638,0.003,-0.000
230,6,C,2.709,0.100,-0.000
231,7,N,2.722,0.000,-0.000
232,6,C,2.760,0.000,-0.000
233,8,O,2.189,9.846,-0.001
234,7,N,2.655,0.000,0.000
235,6,C,2.804,0.000,0.000
236,7,N,2.301,0.309,-0.000
237,6,C,2.676,0.777,-0.000
238,6,C,2.738,0.296,-0.000
239,1,H,1.937,6.610,-0.011
240,1,H,1.967,3.160,-0.005
241,1,H,1.974,13.174,-0.022
242,1,H,2.034,5.654,-0.009
243,1,H,2.104,0.115,-0.000
244,1,H,1.984,8.247,-0.014
245,1,H,1.990,11.819,-0.020
246,1,H,2.035,0.199,-0.000
247,1,H,1.897,18.334,-0.031
248,1,H,1.967,15.452,-0.026
249,1,H,2.053,3.641,-0.006
250,15,P,2.797,8.512,-0.002
251,8,O,2.098,21.361,-0.002
252,8,O,2.074,31.011,-0.003
253,8,O,2.333,0.582,-0.000
254,6,C,2.476,0.114,-0.000
255,6,C,2.558,0.148,-0.000
256,8,O,2.369,5.528,-0.001
257,6,C,2.634,0.000,-0.000
258,8,O,2.383,0.353,-0.000
259,6,C,2.588,0.040,-0.000
260,6,C,2.686,0.211,-0.000
261,7,N,2.690,0.002,-0.000
262,6,C,2.676,0.644,-0.000
263,8,O,2.142,21.860,-0.002
264,7,N,2.503,1.230,-0.000
265,6,C,2.761,0.063,-0.000
266,7,N,2.304,0.815,-0.000
267,6,C,2.673,1.136,-0.000
268,6,C,2.726,0.041,-0.000
269,1,H,1.927,7.519,-0.013
270,1,H,1.897,11.801,-0.020
271,1,H,1.922,17.446,-0.029
272,1,H,1.999,9.124,-0.015
273,1,H,2.059,0.000,-0.000
274,1,H,1.935,13.863,-0.023
275,1,H,1.986,12.233,-0.021
276,1,H,1.996,0.346,-0.001
277,1,H,1.937,10.484,-0.018
278,1,H,1.974,14.435,-0.024
279,1,H,2.061,2.502,-0.004
280,15,P,2.767,8.872,-0.002
281,8,O,2.080,25.431,-0.003
282,8,O,2.082,26.588,-0.003
283,8,O,2.276,6.433,-0.001
284,6,C,2.466,0.286,-0.000
285,6,C,2.588,0.085,-0.000
286,8,O,2.443,1.772,-0.000
287,6,C,2.635,0.002,-0.000
288,8,O,2.410,0.617,-0.000
289,6,C,2.581,0.677,-0.000
290,6,C,2.670,0.178,-0.000
291,7,N,2.651,0.020,-0.000
292,6,C,2.607,3.261,-0.000
293,8,O,2.118,27.368,-0.003
294,7,N,2.437,7.439,-0.001
295,6,C,2.680,0.149,-0.000
296,7,N,2.235,2.924,-0.000
297,6,C,2.703,0.002,-0.000
298,6,C,2.729,0.002,-0.000
299,1,H,1.898,11.627,-0.020
300,1,H,1.951,3.321,-0.006
301,1,H,1.950,15.406,-0.026
302,1,H,1.974,11.616,-0.020
303,1,H,2.052,0.869,-0.001
304,1,H,1.950,17.304,-0.029
305,1,H,1.964,12.495,-0.021
306,1,H,1.882,20.350,-0.034
307,1,H,1.913,8.518,-0.014
308,1,H,2.057,0.823,-0.001
309,1,H,2.066,1.804,-0.003
310,15,P,2.780,8.919,-0.002
311,8,O,2.075,26.727,-0.003
312,8,O,2.096,24.331,-0.003
313,8,O,2.294,6.483,-0.001
314,6,C,2.481,0.182,-0.000
315,6,C,2.564,0.199,-0.000
316,8,O,2.365,6.344,-0.001
317,6,C,2.652,0.000,-0.000
318,8,O,2.425,0.211,-0.000
319,6,C,2.600,0.000,-0.000
320,6,C,2.660,0.770,-0.000
321,7,N,2.623,1.748,-0.000
322,6,C,2.598,4.563,-0.000
323,8,O,2.120,19.373,-0.002
324,7,N,2.374,10.960,-0.001
325,6,C,2.613,6.858,-0.001
326,7,N,2.186,7.335,-0.001
327,6,C,2.596,6.521,-0.001
328,6,C,2.663,2.954,-0.000
329,1,H,1.938,5.972,-0.010
330,1,H,1.983,0.351,-0.001
331,1,H,1.942,16.524,-0.028
332,1,H,2.020,8.287,-0.014
333,1,H,2.060,1.333,-0.002
334,1,H,1.993,6.399,-0.011
335,1,H,1.961,12.118,-0.020
336,1,H,1.861,23.898,-0.040
337,1,H,1.851,22.435,-0.038
338,1,H,1.961,8.348,-0.014
339,1,H,2.041,0.628,-0.001
340,15,P,2.828,1.850,-0.000
341,8,O,2.116,19.407,-0.002
342,8,O,2.164,3.467,-0.000
343,8,O,2.287,7.242,-0.001
344,6,C,2.495,0.196,-0.000
345,6,C,2.582,0.169,-0.000
346,8,O,2.373,4.553,-0.001
347,6,C,2.651,0.000,0.000
348,8,O,2.445,0.506,-0.000
349,6,C,2.545,0.631,-0.000
350,6,C,2.634,0.846,-0.000
351,7,N,2.583,0.642,-0.000
352,6,C,2.558,7.095,-0.001
353,8,O,2.092,27.313,-0.003
354,7,N,2.348,15.137,-0.001
355,6,C,2.573,7.376,-0.001
356,7,N,2.170,7.365,-0.001
357,6,C,2.586,5.517,-0.001
358,6,C,2.631,1.388,-0.000
359,1,H,1.947,0.410,-0.001
360,1,H,1.991,3.554,-0.006
361,1,H,1.978,14.643,-0.025
362,1,H,2.019,6.960,-0.012
363,1,H,1.978,9.587,-0.016
364,1,H,1.930,17.288,-0.029
365,1,H,1.930,14.882,-0.025
366,1,H,1.839,25.187,-0.042
367,1,H,1.856,19.723,-0.033
368,1,H,1.963,5.217,-0.009
369,1,H,2.020,1.997,-0.003
370,15,P,2.787,8.830,-0.002
371,8,O,2.078,27.374,-0.003
372,8,O,2.115,18.757,-0.002
373,8,O,2.261,9.643,-0.001
374,6,C,2.462,0.279,-0.000
375,6,C,2.566,0.184,-0.000
376,8,O,2.413,5.012,-0.001
377,6,C,2.623,0.015,-0.000
378,8,O,2.422,0.310,-0.000
379,6,C,2.585,0.996,-0.000
380,6,C,2.707,0.259,-0.000
381,7,N,2.826,0.005,-0.000
382,6,C,2.669,1.042,-0.000
383,7,N,2.439,13.239,-0.001
384,6,C,2.946,0.395,-0.000
385,6,C,2.698,0.663,-0.000
386,8,O,2.182,15.549,-0.002
387,7,N,2.653,0.000,0.000
388,6,C,2.780,0.173,-0.000
389,7,N,2.284,1.317,-0.000
390,7,N,2.592,2.737,-0.000
391,6,C,3.102,0.266,-0.000
392,1,H,1.903,11.768,-0.020
393,1,H,1.953,1.730,-0.003
394,1,H,1.947,15.221,-0.026
395,1,H,1.943,11.943,-0.020
396,1,H,2.049,1.503,-0.003
397,1,H,1.941,17.604,-0.030
398,1,H,2.001,13.117,-0.022
399,1,H,1.960,6.450,-0.011
400,1,H,2.352,0.000,0.000
401,1,H,2.009,0.774,-0.001
402,1,H,1.901,22.872,-0.038
403,15,P,2.776,9.072,-0.002
404,8,O,2.073,26.552,-0.003
405,8,O,2.077,27.557,-0.003
406,8,O,2.307,5.830,-0.001
407,6,C,2.488,0.294,-0.000
408,6,C,2.620,0.001,-0.000
409,8,O,2.535,0.078,-0.000
410,6,C,2.638,0.011,-0.000
411,8,O,2.414,0.362,-0.000
412,6,C,2.591,1.039,-0.000
413,6,C,2.769,0.023,-0.000
414,7,N,2.934,0.000,0.000
415,6,C,2.732,0.690,-0.000
416,7,N,2.489,12.032,-0.001
417,6,C,3.079,0.008,-0.000
418,6,C,2.764,0.003,-0.000
419,8,O,2.193,9.904,-0.001
420,7,N,2.680,0.000,-0.000
421,6,C,2.781,0.141,-0.000
422,7,N,2.273,2.445,-0.000
423,7,N,2.604,4.734,-0.000
424,6,C,3.193,0.004,-0.000
425,1,H,1.909,12.636,-0.021
426,1,H,2.008,2.308,-0.004
427,1,H,2.014,8.583,-0.014
428,1,H,1.977,12.087,-0.020
429,1,H,2.025,2.985,-0.005
430,1,H,1.946,16.916,-0.028
431,1,H,2.033,8.722,-0.015
432,1,H,2.005,8.823,-0.015
433,1,H,2.318,0.000,-0.000
434,1,H,2.007,1.194,-0.002
435,1,H,1.891,24.022,-0.040
436,15,P,2.783,8.726,-0.002
437,8,O,2.083,26.651,-0.003
438,8,O,2.087,26.040,-0.003
439,8,O,2.326,3.599,-0.000
440,6,C,2.503,0.133,-0.000
441,6,C,2.612,0.007,-0.000
442,8,O,2.520,0.041,-0.000
443,6,C,2.628,0.042,-0.000
444,8,O,2.368,2.037,-0.000
445,6,C,2.609,0.001,-0.000
446,6,C,2.749,0.032,-0.000
447,7,N,2.833,0.043,-0.000
448,6,C,2.735,0.871,-0.000
449,7,N,2.528,5.394,-0.000
450,6,C,3.190,0.000,0.000
451,6,C,2.928,0.000,0.000
452,7,N,2.319,0.433,-0.000
453,7,N,2.592,0.002,-0.000
454,6,C,2.648,1.580,-0.000
455,7,N,2.468,10.599,-0.001
456,6,C,3.153,0.299,-0.000
457,1,H,1.922,11.371,-0.019
458,1,H,2.040,0.199,-0.000
459,1,H,1.979,9.581,-0.016
460,1,H,1.996,11.284,-0.019
461,1,H,2.020,4.302,-0.007
462,1,H,1.996,4.128,-0.007
463,1,H,2.023,12.584,-0.021
464,1,H,1.999,9.983,-0.017
465,1,H,1.983,1.233,-0.002
466,1,H,1.931,11.260,-0.019
467,1,H,1.972,13.050,-0.022
468,15,P,2.761,10.023,-0.002
469,8,O,2.073,28.134,-0.003
470,8,O,2.082,26.245,-0.003
471,8,O,2.308,4.399,-0.000
472,6,C,2.470,0.278,-0.000
473,6,C,2.567,0.129,-0.000
474,8,O,2.417,3.891,-0.000
475,6,C,2.632,0.007,-0.000
476,8,O,2.422,0.416,-0.000
477,6,C,2.568,0.645,-0.000
478,6,C,2.680,0.607,-0.000
479,7,N,2.685,0.278,-0.000
480,6,C,2.645,1.250,-0.000
481,8,O,2.152,13.075,-0.001
482,7,N,2.450,0.056,-0.000
483,6,C,2.643,1.454,-0.000
484,8,O,2.189,6.546,-0.001
485,6,C,2.731,0.643,-0.000
486,6,C,2.450,2.323,-0.000
487,6,C,2.741,0.217,-0.000
488,1,H,1.923,9.000,-0.015
489,1,H,1.944,4.372,-0.007
490,1,H,1.940,15.710,-0.026
491,1,H,1.954,12.096,-0.020
492,1,H,2.025,2.314,-0.004
493,1,H,1.941,17.421,-0.029
494,1,H,1.968,15.625,-0.026
495,1,H,2.177,0.002,-0.000
496,1,H,1.869,22.502,-0.038
497,1,H,1.962,4.307,-0.007
498,1,H,1.926,7.614,-0.013
499,1,H,2.044,0.976,-0.002
500,15,P,2.785,7.874,-0.002
501,8,O,2.079,25.822,-0.003
502,8,O,2.090,26.413,-0.003
503,8,O,2.303,5.817,-0.001
504,6,C,2.501,0.127,-0.000
505,6,C,2.607,0.013,-0.000
506,8,O,2.425,0.729,-0.000
507,6,C,2.666,0.001,-0.000
508,8,O,2.421,0.296,-0.000
509,6,C,2.581,0.957,-0.000
510,6,C,2.700,0.041,-0.000
511,7,N,2.726,0.000,0.000
512,6,C,2.714,0.001,-0.000
513,8,O,2.188,10.269,-0.001
514,7,N,2.543,0.000,0.000
515,6,C,2.678,0.016,-0.000
516,8,O,2.193,8.680,-0.001
517,6,C,2.753,0.000,-0.000
518,6,C,2.416,2.069,-0.000
519,6,C,2.776,0.000,-0.000
520,1,H,1.952,6.413,-0.011
521,1,H,1.983,1.844,-0.003
522,1,H,1.987,11.260,-0.019
523,1,H,1.995,10.045,-0.017
524,1,H,2.013,2.220,-0.004
525,1,H,1.927,17.260,-0.029
526,1,H,1.964,12.554,-0.021
527,1,H,2.306,0.000,-0.000
528,1,H,1.874,15.490,-0.026
529,1,H,1.879,12.890,-0.022
530,1,H,1.887,13.606,-0.023
531,1,H,2.043,1.498,-0.003
532,15,P,2.786,8.093,-0.002
533,8,O,2.077,27.114,-0.003
534,8,O,2.081,25.795,-0.003
535,8,O,2.331,4.103,-0.000
536,6,C,2.511,0.058,-0.000
537,6,C,2.631,0.001,-0.000
538,8,O,2.477,0.247,-0.000
539,6,C,2.670,0.014,-0.000
540,8,O,2.505,0.027,-0.000
541,6,C,2.586,1.307,-0.000
542,6,C,2.764,0.101,-0.000
543,7,N,2.887,0.000,0.000
544,6,C,2.741,0.400,-0.000
545,7,N,2.480,12.417,-0.001
546,6,C,3.070,0.047,-0.000
547,6,C,2.759,0.019,-0.000
548,8,O,2.227,8.791,-0.001
549,7,N,2.679,0.000,0.000
550,6,C,2.792,0.048,-0.000
551,7,N,2.286,0.804,-0.000
552,7,N,2.613,4.317,-0.000
553,6,C,3.202,0.000,0.000
554,1,H,1.922,7.130,-0.012
555,1,H,2.020,-0.000,0.000
556,1,H,2.006,9.169,-0.015
557,1,H,2.000,11.093,-0.019
558,1,H,2.020,3.869,-0.006
559,1,H,1.933,18.379,-0.031
560,1,H,2.008,9.585,-0.016
561,1,H,2.015,4.452,-0.007
562,1,H,2.324,0.000,0.000
563,1,H,1.979,2.805,-0.005
564,1,H,1.900,21.169,-0.036
565,15,P,2.797,8.020,-0.002
566,8,O,2.081,26.695,-0.003
567,8,O,2.098,24.429,-0.003
568,8,O,2.304,6.430,-0.001
569,6,C,2.501,0.205,-0.000
570,6,C,2.641,0.000,-0.000
571,8,O,2.557,0.046,-0.000
572,6,C,2.673,0.024,-0.000
573,8,O,2.458,0.338,-0.000
574,6,C,2.623,0.549,-0.000
575,6,C,2.799,0.004,-0.000
576,7,N,2.808,0.000,0.000
577,6,C,2.752,0.000,0.000
578,8,O,2.228,8.845,-0.001
579,7,N,2.614,0.000,0.000
580,6,C,2.735,0.066,-0.000
581,7,N,2.286,1.332,-0.000
582,6,C,2.668,0.779,-0.000
583,6,C,2.732,0.038,-0.000
584,1,H,1.937,9.191,-0.015
585,1,H,2.038,0.847,-0.001
586,1,H,2.029,8.541,-0.014
587,1,H,1.986,11.544,-0.019
588,1,H,2.041,3.513,-0.006
589,1,H,1.959,16.186,-0.027
590,1,H,2.062,5.626,-0.009
591,1,H,2.048,0.147,-0.000
592,1,H,1.899,12.977,-0.022
593,1,H,1.970,18.388,-0.031
594,1,H,2.022,6.957,-0.012
595,15,P,2.795,8.133,-0.002
596,8,O,2.081,26.870,-0.003
597,8,O,2.083,25.825,-0.003
598,8,O,2.318,4.580,-0.001
599,6,C,2.515,0.000,-0.000
600,6,C,2.587,0.014,-0.000
601,8,O,2.446,0.314,-0.000
602,6,C,2.510,0.363,-0.000
603,8,O,2.102,10.068,-0.001
604,6,C,2.516,1.131,-0.000
605,6,C,2.697,0.019,-0.000
606,7,N,2.683,0.014,-0.000
607,6,C,2.686,1.754,-0.000
608,8,O,2.184,9.181,-0.001
609,7,N,2.469,1.922,-0.000
610,6,C,2.608,3.609,-0.000
611,8,O,2.127,18.295,-0.002
612,6,C,2.683,1.863,-0.000
613,6,C,2.381,2.771,-0.000
614,6,C,2.739,1.598,-0.000
615,1,H,1.938,3.108,-0.005
616,1,H,2.083,0.000,0.000
617,1,H,1.972,12.764,-0.021
618,1,H,1.907,17.288,-0.029
619,1,H,1.771,15.011,-0.025
620,1,H,1.942,15.701,-0.026
621,1,H,1.917,18.106,-0.030
622,1,H,1.988,7.867,-0.013
623,1,H,2.218,1.029,-0.002
624,1,H,1.844,20.988,-0.035
625,1,H,1.863,13.345,-0.022
626,1,H,1.871,12.591,-0.021
627,1,H,2.057,0.627,-0.001
